{"cameraMode":{"drawMode":0,"name":"Shaded","section":"Shading Mode"},"sceneLighting":true,"audioPlay":false,"sceneViewState":{"m_AlwaysRefresh":false,"showFog":true,"showSkybox":true,"showFlares":true,"showImageEffects":true,"showParticleSystems":true,"showVisualEffectGraphs":true,"m_FxEnabled":true},"in2DMode":false,"pivot":{"x":0.8294271230697632,"y":0.10227148979902268,"z":-0.23547521233558656},"rotation":{"x":-0.22294113039970399,"y":0.06341270357370377,"z":-0.014517273753881455,"w":-0.9726864695549011},"size":0.06454063206911087,"orthographic":false}