{"cameraMode":{"drawMode":0,"name":"Shaded","section":"Shading Mode"},"sceneLighting":true,"audioPlay":false,"sceneViewState":{"m_AlwaysRefresh":false,"showFog":true,"showSkybox":true,"showFlares":true,"showImageEffects":true,"showParticleSystems":true,"showVisualEffectGraphs":true,"m_FxEnabled":true},"in2DMode":false,"pivot":{"x":1.3308560848236085,"y":0.4486868977546692,"z":-0.974036693572998},"rotation":{"x":-0.15557074546813966,"y":-0.03644412010908127,"z":0.005755370482802391,"w":-0.9871642589569092},"size":0.06454063206911087,"orthographic":false}